{
  "ingredient": {
    "type": "item",
    "code": "game:clay-*",
    "name": "type",
    "allowedVariants": [
      "blue", 
      "fire",
      "brown",
      "red"
    ]
  },
  "pattern": [
    [
      "##############",
      "##############",
      "##############",
      "##############",
      "##############",
      "##############",
      "##############",
      "##############",
      "##############",
      "##############",
      "##############",
      "##############",
      "##############",
      "##############"
    ],
    [
      "##############",
      "##############",
      "####______####",
      "####______####",
      "##############",
      "##############",
      "####______####",
      "####______####",
      "##############",
      "##############",
      "####______####",
      "####______####",
      "##############",
      "##############"
    ]
  ],
  "name": "Nails and Strips Mold",
  "output": { "type": "block", "code": "toolmold-raw-metalnailsandstrips" }
}
